,version4id,ccode1,state_name1,ccode2,state_name2,dyad_st_day,dyad_st_month,dyad_st_year,dyad_end_day,dyad_end_month,dyad_end_year,left_censor,right_censor,defense,neutrality,nonaggression,entente,year,version,state_name1_iso,state_name2_iso,alliance_strength,pair_first,pair_second
0,227,2,United States of America,290,Poland,12,3,1999,,,2012,0,1,1,0,1,1,1999,4.1,USA,POL,4,POL,USA
1,227,2,United States of America,290,Poland,12,3,1999,,,2012,0,1,1,0,1,1,2000,4.1,USA,POL,4,POL,USA
2,227,2,United States of America,290,Poland,12,3,1999,,,2012,0,1,1,0,1,1,2001,4.1,USA,POL,4,POL,USA
3,227,2,United States of America,290,Poland,12,3,1999,,,2012,0,1,1,0,1,1,2002,4.1,USA,POL,4,POL,USA
4,227,2,United States of America,290,Poland,12,3,1999,,,2012,0,1,1,0,1,1,2003,4.1,USA,POL,4,POL,USA
5,227,2,United States of America,290,Poland,12,3,1999,,,2012,0,1,1,0,1,1,2004,4.1,USA,POL,4,POL,USA
6,227,2,United States of America,290,Poland,12,3,1999,,,2012,0,1,1,0,1,1,2005,4.1,USA,POL,4,POL,USA
7,227,2,United States of America,290,Poland,12,3,1999,,,2012,0,1,1,0,1,1,2006,4.1,USA,POL,4,POL,USA
8,227,2,United States of America,290,Poland,12,3,1999,,,2012,0,1,1,0,1,1,2007,4.1,USA,POL,4,POL,USA
9,227,2,United States of America,290,Poland,12,3,1999,,,2012,0,1,1,0,1,1,2008,4.1,USA,POL,4,POL,USA
10,227,2,United States of America,290,Poland,12,3,1999,,,2012,0,1,1,0,1,1,2009,4.1,USA,POL,4,POL,USA
11,227,2,United States of America,290,Poland,12,3,1999,,,2012,0,1,1,0,1,1,2010,4.1,USA,POL,4,POL,USA
12,227,2,United States of America,290,Poland,12,3,1999,,,2012,0,1,1,0,1,1,2011,4.1,USA,POL,4,POL,USA
13,227,2,United States of America,290,Poland,12,3,1999,,,2012,0,1,1,0,1,1,2012,4.1,USA,POL,4,POL,USA
14,227,2,United States of America,310,Hungary,12,3,1999,,,2012,0,1,1,0,1,1,1999,4.1,USA,HUN,4,HUN,USA
15,227,2,United States of America,310,Hungary,12,3,1999,,,2012,0,1,1,0,1,1,2000,4.1,USA,HUN,4,HUN,USA
16,227,2,United States of America,310,Hungary,12,3,1999,,,2012,0,1,1,0,1,1,2001,4.1,USA,HUN,4,HUN,USA
17,227,2,United States of America,310,Hungary,12,3,1999,,,2012,0,1,1,0,1,1,2002,4.1,USA,HUN,4,HUN,USA
18,227,2,United States of America,310,Hungary,12,3,1999,,,2012,0,1,1,0,1,1,2003,4.1,USA,HUN,4,HUN,USA
19,227,2,United States of America,310,Hungary,12,3,1999,,,2012,0,1,1,0,1,1,2004,4.1,USA,HUN,4,HUN,USA
20,227,2,United States of America,310,Hungary,12,3,1999,,,2012,0,1,1,0,1,1,2005,4.1,USA,HUN,4,HUN,USA
21,227,2,United States of America,310,Hungary,12,3,1999,,,2012,0,1,1,0,1,1,2006,4.1,USA,HUN,4,HUN,USA
22,227,2,United States of America,310,Hungary,12,3,1999,,,2012,0,1,1,0,1,1,2007,4.1,USA,HUN,4,HUN,USA
23,227,2,United States of America,310,Hungary,12,3,1999,,,2012,0,1,1,0,1,1,2008,4.1,USA,HUN,4,HUN,USA
24,227,2,United States of America,310,Hungary,12,3,1999,,,2012,0,1,1,0,1,1,2009,4.1,USA,HUN,4,HUN,USA
25,227,2,United States of America,310,Hungary,12,3,1999,,,2012,0,1,1,0,1,1,2010,4.1,USA,HUN,4,HUN,USA
26,227,2,United States of America,310,Hungary,12,3,1999,,,2012,0,1,1,0,1,1,2011,4.1,USA,HUN,4,HUN,USA
27,227,2,United States of America,310,Hungary,12,3,1999,,,2012,0,1,1,0,1,1,2012,4.1,USA,HUN,4,HUN,USA
28,227,20,Canada,290,Poland,12,3,1999,,,2012,0,1,1,0,1,1,1999,4.1,CAN,POL,4,CAN,POL
29,227,20,Canada,290,Poland,12,3,1999,,,2012,0,1,1,0,1,1,2000,4.1,CAN,POL,4,CAN,POL
30,227,20,Canada,290,Poland,12,3,1999,,,2012,0,1,1,0,1,1,2001,4.1,CAN,POL,4,CAN,POL
31,227,20,Canada,290,Poland,12,3,1999,,,2012,0,1,1,0,1,1,2002,4.1,CAN,POL,4,CAN,POL
32,227,20,Canada,290,Poland,12,3,1999,,,2012,0,1,1,0,1,1,2003,4.1,CAN,POL,4,CAN,POL
33,227,20,Canada,290,Poland,12,3,1999,,,2012,0,1,1,0,1,1,2004,4.1,CAN,POL,4,CAN,POL
34,227,20,Canada,290,Poland,12,3,1999,,,2012,0,1,1,0,1,1,2005,4.1,CAN,POL,4,CAN,POL
35,227,20,Canada,290,Poland,12,3,1999,,,2012,0,1,1,0,1,1,2006,4.1,CAN,POL,4,CAN,POL
36,227,20,Canada,290,Poland,12,3,1999,,,2012,0,1,1,0,1,1,2007,4.1,CAN,POL,4,CAN,POL
37,227,20,Canada,290,Poland,12,3,1999,,,2012,0,1,1,0,1,1,2008,4.1,CAN,POL,4,CAN,POL
38,227,20,Canada,290,Poland,12,3,1999,,,2012,0,1,1,0,1,1,2009,4.1,CAN,POL,4,CAN,POL
39,227,20,Canada,290,Poland,12,3,1999,,,2012,0,1,1,0,1,1,2010,4.1,CAN,POL,4,CAN,POL
40,227,20,Canada,290,Poland,12,3,1999,,,2012,0,1,1,0,1,1,2011,4.1,CAN,POL,4,CAN,POL
41,227,20,Canada,290,Poland,12,3,1999,,,2012,0,1,1,0,1,1,2012,4.1,CAN,POL,4,CAN,POL
42,227,20,Canada,310,Hungary,12,3,1999,,,2012,0,1,1,0,1,1,1999,4.1,CAN,HUN,4,CAN,HUN
43,227,20,Canada,310,Hungary,12,3,1999,,,2012,0,1,1,0,1,1,2000,4.1,CAN,HUN,4,CAN,HUN
44,227,20,Canada,310,Hungary,12,3,1999,,,2012,0,1,1,0,1,1,2001,4.1,CAN,HUN,4,CAN,HUN
45,227,20,Canada,310,Hungary,12,3,1999,,,2012,0,1,1,0,1,1,2002,4.1,CAN,HUN,4,CAN,HUN
46,227,20,Canada,310,Hungary,12,3,1999,,,2012,0,1,1,0,1,1,2003,4.1,CAN,HUN,4,CAN,HUN
47,227,20,Canada,310,Hungary,12,3,1999,,,2012,0,1,1,0,1,1,2004,4.1,CAN,HUN,4,CAN,HUN
48,227,20,Canada,310,Hungary,12,3,1999,,,2012,0,1,1,0,1,1,2005,4.1,CAN,HUN,4,CAN,HUN
49,227,20,Canada,310,Hungary,12,3,1999,,,2012,0,1,1,0,1,1,2006,4.1,CAN,HUN,4,CAN,HUN
50,227,20,Canada,310,Hungary,12,3,1999,,,2012,0,1,1,0,1,1,2007,4.1,CAN,HUN,4,CAN,HUN
51,227,20,Canada,310,Hungary,12,3,1999,,,2012,0,1,1,0,1,1,2008,4.1,CAN,HUN,4,CAN,HUN
52,227,20,Canada,310,Hungary,12,3,1999,,,2012,0,1,1,0,1,1,2009,4.1,CAN,HUN,4,CAN,HUN
53,227,20,Canada,310,Hungary,12,3,1999,,,2012,0,1,1,0,1,1,2010,4.1,CAN,HUN,4,CAN,HUN
54,227,20,Canada,310,Hungary,12,3,1999,,,2012,0,1,1,0,1,1,2011,4.1,CAN,HUN,4,CAN,HUN
55,227,20,Canada,310,Hungary,12,3,1999,,,2012,0,1,1,0,1,1,2012,4.1,CAN,HUN,4,CAN,HUN
56,227,290,Poland,310,Hungary,12,3,1999,,,2012,0,1,1,0,1,1,1999,4.1,POL,HUN,4,HUN,POL
57,227,290,Poland,310,Hungary,12,3,1999,,,2012,0,1,1,0,1,1,2000,4.1,POL,HUN,4,HUN,POL
58,227,290,Poland,310,Hungary,12,3,1999,,,2012,0,1,1,0,1,1,2001,4.1,POL,HUN,4,HUN,POL
59,227,290,Poland,310,Hungary,12,3,1999,,,2012,0,1,1,0,1,1,2002,4.1,POL,HUN,4,HUN,POL
60,227,290,Poland,310,Hungary,12,3,1999,,,2012,0,1,1,0,1,1,2003,4.1,POL,HUN,4,HUN,POL
61,227,290,Poland,310,Hungary,12,3,1999,,,2012,0,1,1,0,1,1,2004,4.1,POL,HUN,4,HUN,POL
62,227,290,Poland,310,Hungary,12,3,1999,,,2012,0,1,1,0,1,1,2005,4.1,POL,HUN,4,HUN,POL
63,227,290,Poland,310,Hungary,12,3,1999,,,2012,0,1,1,0,1,1,2006,4.1,POL,HUN,4,HUN,POL
64,227,290,Poland,310,Hungary,12,3,1999,,,2012,0,1,1,0,1,1,2007,4.1,POL,HUN,4,HUN,POL
65,227,290,Poland,310,Hungary,12,3,1999,,,2012,0,1,1,0,1,1,2008,4.1,POL,HUN,4,HUN,POL
66,227,290,Poland,310,Hungary,12,3,1999,,,2012,0,1,1,0,1,1,2009,4.1,POL,HUN,4,HUN,POL
67,227,290,Poland,310,Hungary,12,3,1999,,,2012,0,1,1,0,1,1,2010,4.1,POL,HUN,4,HUN,POL
68,227,290,Poland,310,Hungary,12,3,1999,,,2012,0,1,1,0,1,1,2011,4.1,POL,HUN,4,HUN,POL
69,227,290,Poland,310,Hungary,12,3,1999,,,2012,0,1,1,0,1,1,2012,4.1,POL,HUN,4,HUN,POL
70,227,290,Poland,325,Italy,12,3,1999,,,2012,0,1,1,0,1,1,1999,4.1,POL,ITA,4,ITA,POL
71,227,290,Poland,325,Italy,12,3,1999,,,2012,0,1,1,0,1,1,2000,4.1,POL,ITA,4,ITA,POL
72,227,290,Poland,325,Italy,12,3,1999,,,2012,0,1,1,0,1,1,2001,4.1,POL,ITA,4,ITA,POL
73,227,290,Poland,325,Italy,12,3,1999,,,2012,0,1,1,0,1,1,2002,4.1,POL,ITA,4,ITA,POL
74,227,290,Poland,325,Italy,12,3,1999,,,2012,0,1,1,0,1,1,2003,4.1,POL,ITA,4,ITA,POL
75,227,290,Poland,325,Italy,12,3,1999,,,2012,0,1,1,0,1,1,2004,4.1,POL,ITA,4,ITA,POL
76,227,290,Poland,325,Italy,12,3,1999,,,2012,0,1,1,0,1,1,2005,4.1,POL,ITA,4,ITA,POL
77,227,290,Poland,325,Italy,12,3,1999,,,2012,0,1,1,0,1,1,2006,4.1,POL,ITA,4,ITA,POL
78,227,290,Poland,325,Italy,12,3,1999,,,2012,0,1,1,0,1,1,2007,4.1,POL,ITA,4,ITA,POL
79,227,290,Poland,325,Italy,12,3,1999,,,2012,0,1,1,0,1,1,2008,4.1,POL,ITA,4,ITA,POL
80,227,290,Poland,325,Italy,12,3,1999,,,2012,0,1,1,0,1,1,2009,4.1,POL,ITA,4,ITA,POL
81,227,290,Poland,325,Italy,12,3,1999,,,2012,0,1,1,0,1,1,2010,4.1,POL,ITA,4,ITA,POL
82,227,290,Poland,325,Italy,12,3,1999,,,2012,0,1,1,0,1,1,2011,4.1,POL,ITA,4,ITA,POL
83,227,290,Poland,325,Italy,12,3,1999,,,2012,0,1,1,0,1,1,2012,4.1,POL,ITA,4,ITA,POL
84,227,290,Poland,385,Norway,12,3,1999,,,2012,0,1,1,0,1,1,1999,4.1,POL,NOR,4,NOR,POL
85,227,290,Poland,385,Norway,12,3,1999,,,2012,0,1,1,0,1,1,2000,4.1,POL,NOR,4,NOR,POL
86,227,290,Poland,385,Norway,12,3,1999,,,2012,0,1,1,0,1,1,2001,4.1,POL,NOR,4,NOR,POL
87,227,290,Poland,385,Norway,12,3,1999,,,2012,0,1,1,0,1,1,2002,4.1,POL,NOR,4,NOR,POL
88,227,290,Poland,385,Norway,12,3,1999,,,2012,0,1,1,0,1,1,2003,4.1,POL,NOR,4,NOR,POL
89,227,290,Poland,385,Norway,12,3,1999,,,2012,0,1,1,0,1,1,2004,4.1,POL,NOR,4,NOR,POL
90,227,290,Poland,385,Norway,12,3,1999,,,2012,0,1,1,0,1,1,2005,4.1,POL,NOR,4,NOR,POL
91,227,290,Poland,385,Norway,12,3,1999,,,2012,0,1,1,0,1,1,2006,4.1,POL,NOR,4,NOR,POL
92,227,290,Poland,385,Norway,12,3,1999,,,2012,0,1,1,0,1,1,2007,4.1,POL,NOR,4,NOR,POL
93,227,290,Poland,385,Norway,12,3,1999,,,2012,0,1,1,0,1,1,2008,4.1,POL,NOR,4,NOR,POL
94,227,290,Poland,385,Norway,12,3,1999,,,2012,0,1,1,0,1,1,2009,4.1,POL,NOR,4,NOR,POL
95,227,290,Poland,385,Norway,12,3,1999,,,2012,0,1,1,0,1,1,2010,4.1,POL,NOR,4,NOR,POL
96,227,290,Poland,385,Norway,12,3,1999,,,2012,0,1,1,0,1,1,2011,4.1,POL,NOR,4,NOR,POL
97,227,290,Poland,385,Norway,12,3,1999,,,2012,0,1,1,0,1,1,2012,4.1,POL,NOR,4,NOR,POL
98,227,290,Poland,640,Turkey,12,3,1999,,,2012,0,1,1,0,1,1,1999,4.1,POL,TUR,4,POL,TUR
99,227,290,Poland,640,Turkey,12,3,1999,,,2012,0,1,1,0,1,1,2000,4.1,POL,TUR,4,POL,TUR
100,227,290,Poland,640,Turkey,12,3,1999,,,2012,0,1,1,0,1,1,2001,4.1,POL,TUR,4,POL,TUR
101,227,290,Poland,640,Turkey,12,3,1999,,,2012,0,1,1,0,1,1,2002,4.1,POL,TUR,4,POL,TUR
102,227,290,Poland,640,Turkey,12,3,1999,,,2012,0,1,1,0,1,1,2003,4.1,POL,TUR,4,POL,TUR
103,227,290,Poland,640,Turkey,12,3,1999,,,2012,0,1,1,0,1,1,2004,4.1,POL,TUR,4,POL,TUR
104,227,290,Poland,640,Turkey,12,3,1999,,,2012,0,1,1,0,1,1,2005,4.1,POL,TUR,4,POL,TUR
105,227,290,Poland,640,Turkey,12,3,1999,,,2012,0,1,1,0,1,1,2006,4.1,POL,TUR,4,POL,TUR
106,227,290,Poland,640,Turkey,12,3,1999,,,2012,0,1,1,0,1,1,2007,4.1,POL,TUR,4,POL,TUR
107,227,290,Poland,640,Turkey,12,3,1999,,,2012,0,1,1,0,1,1,2008,4.1,POL,TUR,4,POL,TUR
108,227,290,Poland,640,Turkey,12,3,1999,,,2012,0,1,1,0,1,1,2009,4.1,POL,TUR,4,POL,TUR
109,227,290,Poland,640,Turkey,12,3,1999,,,2012,0,1,1,0,1,1,2010,4.1,POL,TUR,4,POL,TUR
110,227,290,Poland,640,Turkey,12,3,1999,,,2012,0,1,1,0,1,1,2011,4.1,POL,TUR,4,POL,TUR
111,227,290,Poland,640,Turkey,12,3,1999,,,2012,0,1,1,0,1,1,2012,4.1,POL,TUR,4,POL,TUR
112,227,310,Hungary,325,Italy,12,3,1999,,,2012,0,1,1,0,1,1,1999,4.1,HUN,ITA,4,HUN,ITA
113,227,310,Hungary,325,Italy,12,3,1999,,,2012,0,1,1,0,1,1,2000,4.1,HUN,ITA,4,HUN,ITA
114,227,310,Hungary,325,Italy,12,3,1999,,,2012,0,1,1,0,1,1,2001,4.1,HUN,ITA,4,HUN,ITA
115,227,310,Hungary,325,Italy,12,3,1999,,,2012,0,1,1,0,1,1,2002,4.1,HUN,ITA,4,HUN,ITA
116,227,310,Hungary,325,Italy,12,3,1999,,,2012,0,1,1,0,1,1,2003,4.1,HUN,ITA,4,HUN,ITA
117,227,310,Hungary,325,Italy,12,3,1999,,,2012,0,1,1,0,1,1,2004,4.1,HUN,ITA,4,HUN,ITA
118,227,310,Hungary,325,Italy,12,3,1999,,,2012,0,1,1,0,1,1,2005,4.1,HUN,ITA,4,HUN,ITA
119,227,310,Hungary,325,Italy,12,3,1999,,,2012,0,1,1,0,1,1,2006,4.1,HUN,ITA,4,HUN,ITA
120,227,310,Hungary,325,Italy,12,3,1999,,,2012,0,1,1,0,1,1,2007,4.1,HUN,ITA,4,HUN,ITA
121,227,310,Hungary,325,Italy,12,3,1999,,,2012,0,1,1,0,1,1,2008,4.1,HUN,ITA,4,HUN,ITA
122,227,310,Hungary,325,Italy,12,3,1999,,,2012,0,1,1,0,1,1,2009,4.1,HUN,ITA,4,HUN,ITA
123,227,310,Hungary,325,Italy,12,3,1999,,,2012,0,1,1,0,1,1,2010,4.1,HUN,ITA,4,HUN,ITA
124,227,310,Hungary,325,Italy,12,3,1999,,,2012,0,1,1,0,1,1,2011,4.1,HUN,ITA,4,HUN,ITA
125,227,310,Hungary,325,Italy,12,3,1999,,,2012,0,1,1,0,1,1,2012,4.1,HUN,ITA,4,HUN,ITA
126,227,310,Hungary,385,Norway,12,3,1999,,,2012,0,1,1,0,1,1,1999,4.1,HUN,NOR,4,HUN,NOR
127,227,310,Hungary,385,Norway,12,3,1999,,,2012,0,1,1,0,1,1,2000,4.1,HUN,NOR,4,HUN,NOR
128,227,310,Hungary,385,Norway,12,3,1999,,,2012,0,1,1,0,1,1,2001,4.1,HUN,NOR,4,HUN,NOR
129,227,310,Hungary,385,Norway,12,3,1999,,,2012,0,1,1,0,1,1,2002,4.1,HUN,NOR,4,HUN,NOR
130,227,310,Hungary,385,Norway,12,3,1999,,,2012,0,1,1,0,1,1,2003,4.1,HUN,NOR,4,HUN,NOR
131,227,310,Hungary,385,Norway,12,3,1999,,,2012,0,1,1,0,1,1,2004,4.1,HUN,NOR,4,HUN,NOR
132,227,310,Hungary,385,Norway,12,3,1999,,,2012,0,1,1,0,1,1,2005,4.1,HUN,NOR,4,HUN,NOR
133,227,310,Hungary,385,Norway,12,3,1999,,,2012,0,1,1,0,1,1,2006,4.1,HUN,NOR,4,HUN,NOR
134,227,310,Hungary,385,Norway,12,3,1999,,,2012,0,1,1,0,1,1,2007,4.1,HUN,NOR,4,HUN,NOR
135,227,310,Hungary,385,Norway,12,3,1999,,,2012,0,1,1,0,1,1,2008,4.1,HUN,NOR,4,HUN,NOR
136,227,310,Hungary,385,Norway,12,3,1999,,,2012,0,1,1,0,1,1,2009,4.1,HUN,NOR,4,HUN,NOR
137,227,310,Hungary,385,Norway,12,3,1999,,,2012,0,1,1,0,1,1,2010,4.1,HUN,NOR,4,HUN,NOR
138,227,310,Hungary,385,Norway,12,3,1999,,,2012,0,1,1,0,1,1,2011,4.1,HUN,NOR,4,HUN,NOR
139,227,310,Hungary,385,Norway,12,3,1999,,,2012,0,1,1,0,1,1,2012,4.1,HUN,NOR,4,HUN,NOR
140,227,310,Hungary,640,Turkey,12,3,1999,,,2012,0,1,1,0,1,1,1999,4.1,HUN,TUR,4,HUN,TUR
141,227,310,Hungary,640,Turkey,12,3,1999,,,2012,0,1,1,0,1,1,2000,4.1,HUN,TUR,4,HUN,TUR
142,227,310,Hungary,640,Turkey,12,3,1999,,,2012,0,1,1,0,1,1,2001,4.1,HUN,TUR,4,HUN,TUR
143,227,310,Hungary,640,Turkey,12,3,1999,,,2012,0,1,1,0,1,1,2002,4.1,HUN,TUR,4,HUN,TUR
144,227,310,Hungary,640,Turkey,12,3,1999,,,2012,0,1,1,0,1,1,2003,4.1,HUN,TUR,4,HUN,TUR
145,227,310,Hungary,640,Turkey,12,3,1999,,,2012,0,1,1,0,1,1,2004,4.1,HUN,TUR,4,HUN,TUR
146,227,310,Hungary,640,Turkey,12,3,1999,,,2012,0,1,1,0,1,1,2005,4.1,HUN,TUR,4,HUN,TUR
147,227,310,Hungary,640,Turkey,12,3,1999,,,2012,0,1,1,0,1,1,2006,4.1,HUN,TUR,4,HUN,TUR
148,227,310,Hungary,640,Turkey,12,3,1999,,,2012,0,1,1,0,1,1,2007,4.1,HUN,TUR,4,HUN,TUR
149,227,310,Hungary,640,Turkey,12,3,1999,,,2012,0,1,1,0,1,1,2008,4.1,HUN,TUR,4,HUN,TUR
150,227,310,Hungary,640,Turkey,12,3,1999,,,2012,0,1,1,0,1,1,2009,4.1,HUN,TUR,4,HUN,TUR
151,227,310,Hungary,640,Turkey,12,3,1999,,,2012,0,1,1,0,1,1,2010,4.1,HUN,TUR,4,HUN,TUR
152,227,310,Hungary,640,Turkey,12,3,1999,,,2012,0,1,1,0,1,1,2011,4.1,HUN,TUR,4,HUN,TUR
153,227,310,Hungary,640,Turkey,12,3,1999,,,2012,0,1,1,0,1,1,2012,4.1,HUN,TUR,4,HUN,TUR
154,349,365,Russia,369,Ukraine,10,2,1995,,,2012,0,1,1,0,0,0,1995,4.1,RUS,UKR,4,RUS,UKR
155,349,365,Russia,369,Ukraine,10,2,1995,,,2012,0,1,1,0,0,0,1996,4.1,RUS,UKR,4,RUS,UKR
156,349,365,Russia,369,Ukraine,10,2,1995,,,2012,0,1,1,0,0,0,1997,4.1,RUS,UKR,4,RUS,UKR
157,349,365,Russia,369,Ukraine,10,2,1995,,,2012,0,1,1,0,0,0,1998,4.1,RUS,UKR,4,RUS,UKR
158,349,365,Russia,369,Ukraine,10,2,1995,,,2012,0,1,1,0,0,0,1999,4.1,RUS,UKR,4,RUS,UKR
159,349,365,Russia,369,Ukraine,10,2,1995,,,2012,0,1,1,0,0,0,2000,4.1,RUS,UKR,4,RUS,UKR
160,349,365,Russia,369,Ukraine,10,2,1995,,,2012,0,1,1,0,0,0,2001,4.1,RUS,UKR,4,RUS,UKR
161,349,365,Russia,369,Ukraine,10,2,1995,,,2012,0,1,1,0,0,0,2002,4.1,RUS,UKR,4,RUS,UKR
162,349,365,Russia,369,Ukraine,10,2,1995,,,2012,0,1,1,0,0,0,2003,4.1,RUS,UKR,4,RUS,UKR
163,349,365,Russia,369,Ukraine,10,2,1995,,,2012,0,1,1,0,0,0,2004,4.1,RUS,UKR,4,RUS,UKR
164,349,365,Russia,369,Ukraine,10,2,1995,,,2012,0,1,1,0,0,0,2005,4.1,RUS,UKR,4,RUS,UKR
165,349,365,Russia,369,Ukraine,10,2,1995,,,2012,0,1,1,0,0,0,2006,4.1,RUS,UKR,4,RUS,UKR
166,349,365,Russia,369,Ukraine,10,2,1995,,,2012,0,1,1,0,0,0,2007,4.1,RUS,UKR,4,RUS,UKR
167,349,365,Russia,369,Ukraine,10,2,1995,,,2012,0,1,1,0,0,0,2008,4.1,RUS,UKR,4,RUS,UKR
168,349,365,Russia,369,Ukraine,10,2,1995,,,2012,0,1,1,0,0,0,2009,4.1,RUS,UKR,4,RUS,UKR
169,349,365,Russia,369,Ukraine,10,2,1995,,,2012,0,1,1,0,0,0,2010,4.1,RUS,UKR,4,RUS,UKR
170,349,365,Russia,369,Ukraine,10,2,1995,,,2012,0,1,1,0,0,0,2011,4.1,RUS,UKR,4,RUS,UKR
171,349,365,Russia,369,Ukraine,10,2,1995,,,2012,0,1,1,0,0,0,2012,4.1,RUS,UKR,4,RUS,UKR
172,349,365,Russia,370,Belarus,10,2,1995,,,2012,0,1,1,0,0,0,1995,4.1,RUS,BLR,4,BLR,RUS
173,349,365,Russia,370,Belarus,10,2,1995,,,2012,0,1,1,0,0,0,1996,4.1,RUS,BLR,4,BLR,RUS
174,349,365,Russia,370,Belarus,10,2,1995,,,2012,0,1,1,0,0,0,1997,4.1,RUS,BLR,4,BLR,RUS
175,349,365,Russia,370,Belarus,10,2,1995,,,2012,0,1,1,0,0,0,1998,4.1,RUS,BLR,4,BLR,RUS
176,349,365,Russia,370,Belarus,10,2,1995,,,2012,0,1,1,0,0,0,1999,4.1,RUS,BLR,4,BLR,RUS
177,349,365,Russia,370,Belarus,10,2,1995,,,2012,0,1,1,0,0,0,2000,4.1,RUS,BLR,4,BLR,RUS
178,349,365,Russia,370,Belarus,10,2,1995,,,2012,0,1,1,0,0,0,2001,4.1,RUS,BLR,4,BLR,RUS
179,349,365,Russia,370,Belarus,10,2,1995,,,2012,0,1,1,0,0,0,2002,4.1,RUS,BLR,4,BLR,RUS
180,349,365,Russia,370,Belarus,10,2,1995,,,2012,0,1,1,0,0,0,2003,4.1,RUS,BLR,4,BLR,RUS
181,349,365,Russia,370,Belarus,10,2,1995,,,2012,0,1,1,0,0,0,2004,4.1,RUS,BLR,4,BLR,RUS
182,349,365,Russia,370,Belarus,10,2,1995,,,2012,0,1,1,0,0,0,2005,4.1,RUS,BLR,4,BLR,RUS
183,349,365,Russia,370,Belarus,10,2,1995,,,2012,0,1,1,0,0,0,2006,4.1,RUS,BLR,4,BLR,RUS
184,349,365,Russia,370,Belarus,10,2,1995,,,2012,0,1,1,0,0,0,2007,4.1,RUS,BLR,4,BLR,RUS
185,349,365,Russia,370,Belarus,10,2,1995,,,2012,0,1,1,0,0,0,2008,4.1,RUS,BLR,4,BLR,RUS
186,349,365,Russia,370,Belarus,10,2,1995,,,2012,0,1,1,0,0,0,2009,4.1,RUS,BLR,4,BLR,RUS
187,349,365,Russia,370,Belarus,10,2,1995,,,2012,0,1,1,0,0,0,2010,4.1,RUS,BLR,4,BLR,RUS
188,349,365,Russia,370,Belarus,10,2,1995,,,2012,0,1,1,0,0,0,2011,4.1,RUS,BLR,4,BLR,RUS
189,349,365,Russia,370,Belarus,10,2,1995,,,2012,0,1,1,0,0,0,2012,4.1,RUS,BLR,4,BLR,RUS
190,349,365,Russia,371,Armenia,10,2,1995,,,2012,0,1,1,0,0,0,1995,4.1,RUS,ARM,4,ARM,RUS
191,349,365,Russia,371,Armenia,10,2,1995,,,2012,0,1,1,0,0,0,1996,4.1,RUS,ARM,4,ARM,RUS
192,349,365,Russia,371,Armenia,10,2,1995,,,2012,0,1,1,0,0,0,1997,4.1,RUS,ARM,4,ARM,RUS
193,349,365,Russia,371,Armenia,10,2,1995,,,2012,0,1,1,0,0,0,1998,4.1,RUS,ARM,4,ARM,RUS
194,349,365,Russia,371,Armenia,10,2,1995,,,2012,0,1,1,0,0,0,1999,4.1,RUS,ARM,4,ARM,RUS
195,349,365,Russia,371,Armenia,10,2,1995,,,2012,0,1,1,0,0,0,2000,4.1,RUS,ARM,4,ARM,RUS
196,349,365,Russia,371,Armenia,10,2,1995,,,2012,0,1,1,0,0,0,2001,4.1,RUS,ARM,4,ARM,RUS
197,349,365,Russia,371,Armenia,10,2,1995,,,2012,0,1,1,0,0,0,2002,4.1,RUS,ARM,4,ARM,RUS
198,349,365,Russia,371,Armenia,10,2,1995,,,2012,0,1,1,0,0,0,2003,4.1,RUS,ARM,4,ARM,RUS
199,349,365,Russia,371,Armenia,10,2,1995,,,2012,0,1,1,0,0,0,2004,4.1,RUS,ARM,4,ARM,RUS
200,349,365,Russia,371,Armenia,10,2,1995,,,2012,0,1,1,0,0,0,2005,4.1,RUS,ARM,4,ARM,RUS
201,349,365,Russia,371,Armenia,10,2,1995,,,2012,0,1,1,0,0,0,2006,4.1,RUS,ARM,4,ARM,RUS
202,349,365,Russia,371,Armenia,10,2,1995,,,2012,0,1,1,0,0,0,2007,4.1,RUS,ARM,4,ARM,RUS
203,349,365,Russia,371,Armenia,10,2,1995,,,2012,0,1,1,0,0,0,2008,4.1,RUS,ARM,4,ARM,RUS
204,349,365,Russia,371,Armenia,10,2,1995,,,2012,0,1,1,0,0,0,2009,4.1,RUS,ARM,4,ARM,RUS
205,349,365,Russia,371,Armenia,10,2,1995,,,2012,0,1,1,0,0,0,2010,4.1,RUS,ARM,4,ARM,RUS
206,349,365,Russia,371,Armenia,10,2,1995,,,2012,0,1,1,0,0,0,2011,4.1,RUS,ARM,4,ARM,RUS
207,349,365,Russia,371,Armenia,10,2,1995,,,2012,0,1,1,0,0,0,2012,4.1,RUS,ARM,4,ARM,RUS
208,349,365,Russia,373,Azerbaijan,10,2,1995,,,2012,0,1,1,0,0,0,1995,4.1,RUS,AZE,4,AZE,RUS
209,349,365,Russia,373,Azerbaijan,10,2,1995,,,2012,0,1,1,0,0,0,1996,4.1,RUS,AZE,4,AZE,RUS
210,349,365,Russia,373,Azerbaijan,10,2,1995,,,2012,0,1,1,0,0,0,1997,4.1,RUS,AZE,4,AZE,RUS
211,349,365,Russia,373,Azerbaijan,10,2,1995,,,2012,0,1,1,0,0,0,1998,4.1,RUS,AZE,4,AZE,RUS
212,349,365,Russia,373,Azerbaijan,10,2,1995,,,2012,0,1,1,0,0,0,1999,4.1,RUS,AZE,4,AZE,RUS
213,349,365,Russia,373,Azerbaijan,10,2,1995,,,2012,0,1,1,0,0,0,2000,4.1,RUS,AZE,4,AZE,RUS
214,349,365,Russia,373,Azerbaijan,10,2,1995,,,2012,0,1,1,0,0,0,2001,4.1,RUS,AZE,4,AZE,RUS
215,349,365,Russia,373,Azerbaijan,10,2,1995,,,2012,0,1,1,0,0,0,2002,4.1,RUS,AZE,4,AZE,RUS
216,349,365,Russia,373,Azerbaijan,10,2,1995,,,2012,0,1,1,0,0,0,2003,4.1,RUS,AZE,4,AZE,RUS
217,349,365,Russia,373,Azerbaijan,10,2,1995,,,2012,0,1,1,0,0,0,2004,4.1,RUS,AZE,4,AZE,RUS
218,349,365,Russia,373,Azerbaijan,10,2,1995,,,2012,0,1,1,0,0,0,2005,4.1,RUS,AZE,4,AZE,RUS
219,349,365,Russia,373,Azerbaijan,10,2,1995,,,2012,0,1,1,0,0,0,2006,4.1,RUS,AZE,4,AZE,RUS
220,349,365,Russia,373,Azerbaijan,10,2,1995,,,2012,0,1,1,0,0,0,2007,4.1,RUS,AZE,4,AZE,RUS
221,349,365,Russia,373,Azerbaijan,10,2,1995,,,2012,0,1,1,0,0,0,2008,4.1,RUS,AZE,4,AZE,RUS
222,349,365,Russia,373,Azerbaijan,10,2,1995,,,2012,0,1,1,0,0,0,2009,4.1,RUS,AZE,4,AZE,RUS
223,349,365,Russia,373,Azerbaijan,10,2,1995,,,2012,0,1,1,0,0,0,2010,4.1,RUS,AZE,4,AZE,RUS
224,349,365,Russia,373,Azerbaijan,10,2,1995,,,2012,0,1,1,0,0,0,2011,4.1,RUS,AZE,4,AZE,RUS
225,349,365,Russia,373,Azerbaijan,10,2,1995,,,2012,0,1,1,0,0,0,2012,4.1,RUS,AZE,4,AZE,RUS
226,349,365,Russia,704,Uzbekistan,10,2,1995,,,2012,0,1,1,0,0,0,1995,4.1,RUS,UZB,4,RUS,UZB
227,349,365,Russia,704,Uzbekistan,10,2,1995,,,2012,0,1,1,0,0,0,1996,4.1,RUS,UZB,4,RUS,UZB
228,349,365,Russia,704,Uzbekistan,10,2,1995,,,2012,0,1,1,0,0,0,1997,4.1,RUS,UZB,4,RUS,UZB
229,349,365,Russia,704,Uzbekistan,10,2,1995,,,2012,0,1,1,0,0,0,1998,4.1,RUS,UZB,4,RUS,UZB
230,349,365,Russia,704,Uzbekistan,10,2,1995,,,2012,0,1,1,0,0,0,1999,4.1,RUS,UZB,4,RUS,UZB
231,349,365,Russia,704,Uzbekistan,10,2,1995,,,2012,0,1,1,0,0,0,2000,4.1,RUS,UZB,4,RUS,UZB
232,349,365,Russia,704,Uzbekistan,10,2,1995,,,2012,0,1,1,0,0,0,2001,4.1,RUS,UZB,4,RUS,UZB
233,349,365,Russia,704,Uzbekistan,10,2,1995,,,2012,0,1,1,0,0,0,2002,4.1,RUS,UZB,4,RUS,UZB
234,349,365,Russia,704,Uzbekistan,10,2,1995,,,2012,0,1,1,0,0,0,2003,4.1,RUS,UZB,4,RUS,UZB
235,349,365,Russia,704,Uzbekistan,10,2,1995,,,2012,0,1,1,0,0,0,2004,4.1,RUS,UZB,4,RUS,UZB
236,349,365,Russia,704,Uzbekistan,10,2,1995,,,2012,0,1,1,0,0,0,2005,4.1,RUS,UZB,4,RUS,UZB
237,349,365,Russia,704,Uzbekistan,10,2,1995,,,2012,0,1,1,0,0,0,2006,4.1,RUS,UZB,4,RUS,UZB
238,349,365,Russia,704,Uzbekistan,10,2,1995,,,2012,0,1,1,0,0,0,2007,4.1,RUS,UZB,4,RUS,UZB
239,349,365,Russia,704,Uzbekistan,10,2,1995,,,2012,0,1,1,0,0,0,2008,4.1,RUS,UZB,4,RUS,UZB
240,349,365,Russia,704,Uzbekistan,10,2,1995,,,2012,0,1,1,0,0,0,2009,4.1,RUS,UZB,4,RUS,UZB
241,349,365,Russia,704,Uzbekistan,10,2,1995,,,2012,0,1,1,0,0,0,2010,4.1,RUS,UZB,4,RUS,UZB
242,349,365,Russia,704,Uzbekistan,10,2,1995,,,2012,0,1,1,0,0,0,2011,4.1,RUS,UZB,4,RUS,UZB
243,349,365,Russia,704,Uzbekistan,10,2,1995,,,2012,0,1,1,0,0,0,2012,4.1,RUS,UZB,4,RUS,UZB
244,349,369,Ukraine,370,Belarus,10,2,1995,,,2012,0,1,1,0,0,0,1995,4.1,UKR,BLR,4,BLR,UKR
245,349,369,Ukraine,370,Belarus,10,2,1995,,,2012,0,1,1,0,0,0,1996,4.1,UKR,BLR,4,BLR,UKR
246,349,369,Ukraine,370,Belarus,10,2,1995,,,2012,0,1,1,0,0,0,1997,4.1,UKR,BLR,4,BLR,UKR
247,349,369,Ukraine,370,Belarus,10,2,1995,,,2012,0,1,1,0,0,0,1998,4.1,UKR,BLR,4,BLR,UKR
248,349,369,Ukraine,370,Belarus,10,2,1995,,,2012,0,1,1,0,0,0,1999,4.1,UKR,BLR,4,BLR,UKR
249,349,369,Ukraine,370,Belarus,10,2,1995,,,2012,0,1,1,0,0,0,2000,4.1,UKR,BLR,4,BLR,UKR
250,349,369,Ukraine,370,Belarus,10,2,1995,,,2012,0,1,1,0,0,0,2001,4.1,UKR,BLR,4,BLR,UKR
251,349,369,Ukraine,370,Belarus,10,2,1995,,,2012,0,1,1,0,0,0,2002,4.1,UKR,BLR,4,BLR,UKR
252,349,369,Ukraine,370,Belarus,10,2,1995,,,2012,0,1,1,0,0,0,2003,4.1,UKR,BLR,4,BLR,UKR
253,349,369,Ukraine,370,Belarus,10,2,1995,,,2012,0,1,1,0,0,0,2004,4.1,UKR,BLR,4,BLR,UKR
254,349,369,Ukraine,370,Belarus,10,2,1995,,,2012,0,1,1,0,0,0,2005,4.1,UKR,BLR,4,BLR,UKR
255,349,369,Ukraine,370,Belarus,10,2,1995,,,2012,0,1,1,0,0,0,2006,4.1,UKR,BLR,4,BLR,UKR
256,349,369,Ukraine,370,Belarus,10,2,1995,,,2012,0,1,1,0,0,0,2007,4.1,UKR,BLR,4,BLR,UKR
257,349,369,Ukraine,370,Belarus,10,2,1995,,,2012,0,1,1,0,0,0,2008,4.1,UKR,BLR,4,BLR,UKR
258,349,369,Ukraine,370,Belarus,10,2,1995,,,2012,0,1,1,0,0,0,2009,4.1,UKR,BLR,4,BLR,UKR
259,349,369,Ukraine,370,Belarus,10,2,1995,,,2012,0,1,1,0,0,0,2010,4.1,UKR,BLR,4,BLR,UKR
260,349,369,Ukraine,370,Belarus,10,2,1995,,,2012,0,1,1,0,0,0,2011,4.1,UKR,BLR,4,BLR,UKR
261,349,369,Ukraine,370,Belarus,10,2,1995,,,2012,0,1,1,0,0,0,2012,4.1,UKR,BLR,4,BLR,UKR
262,349,369,Ukraine,371,Armenia,10,2,1995,,,2012,0,1,1,0,0,0,1995,4.1,UKR,ARM,4,ARM,UKR
263,349,369,Ukraine,371,Armenia,10,2,1995,,,2012,0,1,1,0,0,0,1996,4.1,UKR,ARM,4,ARM,UKR
264,349,369,Ukraine,371,Armenia,10,2,1995,,,2012,0,1,1,0,0,0,1997,4.1,UKR,ARM,4,ARM,UKR
265,349,369,Ukraine,371,Armenia,10,2,1995,,,2012,0,1,1,0,0,0,1998,4.1,UKR,ARM,4,ARM,UKR
266,349,369,Ukraine,371,Armenia,10,2,1995,,,2012,0,1,1,0,0,0,1999,4.1,UKR,ARM,4,ARM,UKR
267,349,369,Ukraine,371,Armenia,10,2,1995,,,2012,0,1,1,0,0,0,2000,4.1,UKR,ARM,4,ARM,UKR
268,349,369,Ukraine,371,Armenia,10,2,1995,,,2012,0,1,1,0,0,0,2001,4.1,UKR,ARM,4,ARM,UKR
269,349,369,Ukraine,371,Armenia,10,2,1995,,,2012,0,1,1,0,0,0,2002,4.1,UKR,ARM,4,ARM,UKR
270,349,369,Ukraine,371,Armenia,10,2,1995,,,2012,0,1,1,0,0,0,2003,4.1,UKR,ARM,4,ARM,UKR
271,349,369,Ukraine,371,Armenia,10,2,1995,,,2012,0,1,1,0,0,0,2004,4.1,UKR,ARM,4,ARM,UKR
272,349,369,Ukraine,371,Armenia,10,2,1995,,,2012,0,1,1,0,0,0,2005,4.1,UKR,ARM,4,ARM,UKR
273,349,369,Ukraine,371,Armenia,10,2,1995,,,2012,0,1,1,0,0,0,2006,4.1,UKR,ARM,4,ARM,UKR
274,349,369,Ukraine,371,Armenia,10,2,1995,,,2012,0,1,1,0,0,0,2007,4.1,UKR,ARM,4,ARM,UKR
275,349,369,Ukraine,371,Armenia,10,2,1995,,,2012,0,1,1,0,0,0,2008,4.1,UKR,ARM,4,ARM,UKR
276,349,369,Ukraine,371,Armenia,10,2,1995,,,2012,0,1,1,0,0,0,2009,4.1,UKR,ARM,4,ARM,UKR
277,349,369,Ukraine,371,Armenia,10,2,1995,,,2012,0,1,1,0,0,0,2010,4.1,UKR,ARM,4,ARM,UKR
278,349,369,Ukraine,371,Armenia,10,2,1995,,,2012,0,1,1,0,0,0,2011,4.1,UKR,ARM,4,ARM,UKR
279,349,369,Ukraine,371,Armenia,10,2,1995,,,2012,0,1,1,0,0,0,2012,4.1,UKR,ARM,4,ARM,UKR
280,349,369,Ukraine,373,Azerbaijan,10,2,1995,,,2012,0,1,1,0,0,0,1995,4.1,UKR,AZE,4,AZE,UKR
281,349,369,Ukraine,373,Azerbaijan,10,2,1995,,,2012,0,1,1,0,0,0,1996,4.1,UKR,AZE,4,AZE,UKR
282,349,369,Ukraine,373,Azerbaijan,10,2,1995,,,2012,0,1,1,0,0,0,1997,4.1,UKR,AZE,4,AZE,UKR
283,349,369,Ukraine,373,Azerbaijan,10,2,1995,,,2012,0,1,1,0,0,0,1998,4.1,UKR,AZE,4,AZE,UKR
284,349,369,Ukraine,373,Azerbaijan,10,2,1995,,,2012,0,1,1,0,0,0,1999,4.1,UKR,AZE,4,AZE,UKR
285,349,369,Ukraine,373,Azerbaijan,10,2,1995,,,2012,0,1,1,0,0,0,2000,4.1,UKR,AZE,4,AZE,UKR
286,349,369,Ukraine,373,Azerbaijan,10,2,1995,,,2012,0,1,1,0,0,0,2001,4.1,UKR,AZE,4,AZE,UKR
287,349,369,Ukraine,373,Azerbaijan,10,2,1995,,,2012,0,1,1,0,0,0,2002,4.1,UKR,AZE,4,AZE,UKR
288,349,369,Ukraine,373,Azerbaijan,10,2,1995,,,2012,0,1,1,0,0,0,2003,4.1,UKR,AZE,4,AZE,UKR
289,349,369,Ukraine,373,Azerbaijan,10,2,1995,,,2012,0,1,1,0,0,0,2004,4.1,UKR,AZE,4,AZE,UKR
290,349,369,Ukraine,373,Azerbaijan,10,2,1995,,,2012,0,1,1,0,0,0,2005,4.1,UKR,AZE,4,AZE,UKR
291,349,369,Ukraine,373,Azerbaijan,10,2,1995,,,2012,0,1,1,0,0,0,2006,4.1,UKR,AZE,4,AZE,UKR
292,349,369,Ukraine,373,Azerbaijan,10,2,1995,,,2012,0,1,1,0,0,0,2007,4.1,UKR,AZE,4,AZE,UKR
293,349,369,Ukraine,373,Azerbaijan,10,2,1995,,,2012,0,1,1,0,0,0,2008,4.1,UKR,AZE,4,AZE,UKR
294,349,369,Ukraine,373,Azerbaijan,10,2,1995,,,2012,0,1,1,0,0,0,2009,4.1,UKR,AZE,4,AZE,UKR
295,349,369,Ukraine,373,Azerbaijan,10,2,1995,,,2012,0,1,1,0,0,0,2010,4.1,UKR,AZE,4,AZE,UKR
296,349,369,Ukraine,373,Azerbaijan,10,2,1995,,,2012,0,1,1,0,0,0,2011,4.1,UKR,AZE,4,AZE,UKR
297,349,369,Ukraine,373,Azerbaijan,10,2,1995,,,2012,0,1,1,0,0,0,2012,4.1,UKR,AZE,4,AZE,UKR
298,349,369,Ukraine,704,Uzbekistan,10,2,1995,,,2012,0,1,1,0,0,0,1995,4.1,UKR,UZB,4,UKR,UZB
299,349,369,Ukraine,704,Uzbekistan,10,2,1995,,,2012,0,1,1,0,0,0,1996,4.1,UKR,UZB,4,UKR,UZB
300,349,369,Ukraine,704,Uzbekistan,10,2,1995,,,2012,0,1,1,0,0,0,1997,4.1,UKR,UZB,4,UKR,UZB
301,349,369,Ukraine,704,Uzbekistan,10,2,1995,,,2012,0,1,1,0,0,0,1998,4.1,UKR,UZB,4,UKR,UZB
302,349,369,Ukraine,704,Uzbekistan,10,2,1995,,,2012,0,1,1,0,0,0,1999,4.1,UKR,UZB,4,UKR,UZB
303,349,369,Ukraine,704,Uzbekistan,10,2,1995,,,2012,0,1,1,0,0,0,2000,4.1,UKR,UZB,4,UKR,UZB
304,349,369,Ukraine,704,Uzbekistan,10,2,1995,,,2012,0,1,1,0,0,0,2001,4.1,UKR,UZB,4,UKR,UZB
305,349,369,Ukraine,704,Uzbekistan,10,2,1995,,,2012,0,1,1,0,0,0,2002,4.1,UKR,UZB,4,UKR,UZB
306,349,369,Ukraine,704,Uzbekistan,10,2,1995,,,2012,0,1,1,0,0,0,2003,4.1,UKR,UZB,4,UKR,UZB
307,349,369,Ukraine,704,Uzbekistan,10,2,1995,,,2012,0,1,1,0,0,0,2004,4.1,UKR,UZB,4,UKR,UZB
308,349,369,Ukraine,704,Uzbekistan,10,2,1995,,,2012,0,1,1,0,0,0,2005,4.1,UKR,UZB,4,UKR,UZB
309,349,369,Ukraine,704,Uzbekistan,10,2,1995,,,2012,0,1,1,0,0,0,2006,4.1,UKR,UZB,4,UKR,UZB
310,349,369,Ukraine,704,Uzbekistan,10,2,1995,,,2012,0,1,1,0,0,0,2007,4.1,UKR,UZB,4,UKR,UZB
311,349,369,Ukraine,704,Uzbekistan,10,2,1995,,,2012,0,1,1,0,0,0,2008,4.1,UKR,UZB,4,UKR,UZB
312,349,369,Ukraine,704,Uzbekistan,10,2,1995,,,2012,0,1,1,0,0,0,2009,4.1,UKR,UZB,4,UKR,UZB
313,349,369,Ukraine,704,Uzbekistan,10,2,1995,,,2012,0,1,1,0,0,0,2010,4.1,UKR,UZB,4,UKR,UZB
314,349,369,Ukraine,704,Uzbekistan,10,2,1995,,,2012,0,1,1,0,0,0,2011,4.1,UKR,UZB,4,UKR,UZB
315,349,369,Ukraine,704,Uzbekistan,10,2,1995,,,2012,0,1,1,0,0,0,2012,4.1,UKR,UZB,4,UKR,UZB
316,349,370,Belarus,371,Armenia,10,2,1995,,,2012,0,1,1,0,0,0,1995,4.1,BLR,ARM,4,ARM,BLR
317,349,370,Belarus,371,Armenia,10,2,1995,,,2012,0,1,1,0,0,0,1996,4.1,BLR,ARM,4,ARM,BLR
318,349,370,Belarus,371,Armenia,10,2,1995,,,2012,0,1,1,0,0,0,1997,4.1,BLR,ARM,4,ARM,BLR
319,349,370,Belarus,371,Armenia,10,2,1995,,,2012,0,1,1,0,0,0,1998,4.1,BLR,ARM,4,ARM,BLR
320,349,370,Belarus,371,Armenia,10,2,1995,,,2012,0,1,1,0,0,0,1999,4.1,BLR,ARM,4,ARM,BLR
321,349,370,Belarus,371,Armenia,10,2,1995,,,2012,0,1,1,0,0,0,2000,4.1,BLR,ARM,4,ARM,BLR
322,349,370,Belarus,371,Armenia,10,2,1995,,,2012,0,1,1,0,0,0,2001,4.1,BLR,ARM,4,ARM,BLR
323,349,370,Belarus,371,Armenia,10,2,1995,,,2012,0,1,1,0,0,0,2002,4.1,BLR,ARM,4,ARM,BLR
324,349,370,Belarus,371,Armenia,10,2,1995,,,2012,0,1,1,0,0,0,2003,4.1,BLR,ARM,4,ARM,BLR
325,349,370,Belarus,371,Armenia,10,2,1995,,,2012,0,1,1,0,0,0,2004,4.1,BLR,ARM,4,ARM,BLR
326,349,370,Belarus,371,Armenia,10,2,1995,,,2012,0,1,1,0,0,0,2005,4.1,BLR,ARM,4,ARM,BLR
327,349,370,Belarus,371,Armenia,10,2,1995,,,2012,0,1,1,0,0,0,2006,4.1,BLR,ARM,4,ARM,BLR
328,349,370,Belarus,371,Armenia,10,2,1995,,,2012,0,1,1,0,0,0,2007,4.1,BLR,ARM,4,ARM,BLR
329,349,370,Belarus,371,Armenia,10,2,1995,,,2012,0,1,1,0,0,0,2008,4.1,BLR,ARM,4,ARM,BLR
330,349,370,Belarus,371,Armenia,10,2,1995,,,2012,0,1,1,0,0,0,2009,4.1,BLR,ARM,4,ARM,BLR
331,349,370,Belarus,371,Armenia,10,2,1995,,,2012,0,1,1,0,0,0,2010,4.1,BLR,ARM,4,ARM,BLR
332,349,370,Belarus,371,Armenia,10,2,1995,,,2012,0,1,1,0,0,0,2011,4.1,BLR,ARM,4,ARM,BLR
333,349,370,Belarus,371,Armenia,10,2,1995,,,2012,0,1,1,0,0,0,2012,4.1,BLR,ARM,4,ARM,BLR
334,349,370,Belarus,704,Uzbekistan,10,2,1995,,,2012,0,1,1,0,0,0,1995,4.1,BLR,UZB,4,BLR,UZB
335,349,370,Belarus,704,Uzbekistan,10,2,1995,,,2012,0,1,1,0,0,0,1996,4.1,BLR,UZB,4,BLR,UZB
336,349,370,Belarus,704,Uzbekistan,10,2,1995,,,2012,0,1,1,0,0,0,1997,4.1,BLR,UZB,4,BLR,UZB
337,349,370,Belarus,704,Uzbekistan,10,2,1995,,,2012,0,1,1,0,0,0,1998,4.1,BLR,UZB,4,BLR,UZB
338,349,370,Belarus,704,Uzbekistan,10,2,1995,,,2012,0,1,1,0,0,0,1999,4.1,BLR,UZB,4,BLR,UZB
339,349,370,Belarus,704,Uzbekistan,10,2,1995,,,2012,0,1,1,0,0,0,2000,4.1,BLR,UZB,4,BLR,UZB
340,349,370,Belarus,704,Uzbekistan,10,2,1995,,,2012,0,1,1,0,0,0,2001,4.1,BLR,UZB,4,BLR,UZB
341,349,370,Belarus,704,Uzbekistan,10,2,1995,,,2012,0,1,1,0,0,0,2002,4.1,BLR,UZB,4,BLR,UZB
342,349,370,Belarus,704,Uzbekistan,10,2,1995,,,2012,0,1,1,0,0,0,2003,4.1,BLR,UZB,4,BLR,UZB
343,349,370,Belarus,704,Uzbekistan,10,2,1995,,,2012,0,1,1,0,0,0,2004,4.1,BLR,UZB,4,BLR,UZB
344,349,370,Belarus,704,Uzbekistan,10,2,1995,,,2012,0,1,1,0,0,0,2005,4.1,BLR,UZB,4,BLR,UZB
345,349,370,Belarus,704,Uzbekistan,10,2,1995,,,2012,0,1,1,0,0,0,2006,4.1,BLR,UZB,4,BLR,UZB
346,349,370,Belarus,704,Uzbekistan,10,2,1995,,,2012,0,1,1,0,0,0,2007,4.1,BLR,UZB,4,BLR,UZB
347,349,370,Belarus,704,Uzbekistan,10,2,1995,,,2012,0,1,1,0,0,0,2008,4.1,BLR,UZB,4,BLR,UZB
348,349,370,Belarus,704,Uzbekistan,10,2,1995,,,2012,0,1,1,0,0,0,2009,4.1,BLR,UZB,4,BLR,UZB
349,349,370,Belarus,704,Uzbekistan,10,2,1995,,,2012,0,1,1,0,0,0,2010,4.1,BLR,UZB,4,BLR,UZB
350,349,370,Belarus,704,Uzbekistan,10,2,1995,,,2012,0,1,1,0,0,0,2011,4.1,BLR,UZB,4,BLR,UZB
351,349,370,Belarus,704,Uzbekistan,10,2,1995,,,2012,0,1,1,0,0,0,2012,4.1,BLR,UZB,4,BLR,UZB
352,349,371,Armenia,373,Azerbaijan,10,2,1995,,,2012,0,1,1,0,0,0,1995,4.1,ARM,AZE,4,ARM,AZE
353,349,371,Armenia,373,Azerbaijan,10,2,1995,,,2012,0,1,1,0,0,0,1996,4.1,ARM,AZE,4,ARM,AZE
354,349,371,Armenia,373,Azerbaijan,10,2,1995,,,2012,0,1,1,0,0,0,1997,4.1,ARM,AZE,4,ARM,AZE
355,349,371,Armenia,373,Azerbaijan,10,2,1995,,,2012,0,1,1,0,0,0,1998,4.1,ARM,AZE,4,ARM,AZE
356,349,371,Armenia,373,Azerbaijan,10,2,1995,,,2012,0,1,1,0,0,0,1999,4.1,ARM,AZE,4,ARM,AZE
357,349,371,Armenia,373,Azerbaijan,10,2,1995,,,2012,0,1,1,0,0,0,2000,4.1,ARM,AZE,4,ARM,AZE
358,349,371,Armenia,373,Azerbaijan,10,2,1995,,,2012,0,1,1,0,0,0,2001,4.1,ARM,AZE,4,ARM,AZE
359,349,371,Armenia,373,Azerbaijan,10,2,1995,,,2012,0,1,1,0,0,0,2002,4.1,ARM,AZE,4,ARM,AZE
360,349,371,Armenia,373,Azerbaijan,10,2,1995,,,2012,0,1,1,0,0,0,2003,4.1,ARM,AZE,4,ARM,AZE
361,349,371,Armenia,373,Azerbaijan,10,2,1995,,,2012,0,1,1,0,0,0,2004,4.1,ARM,AZE,4,ARM,AZE
362,349,371,Armenia,373,Azerbaijan,10,2,1995,,,2012,0,1,1,0,0,0,2005,4.1,ARM,AZE,4,ARM,AZE
363,349,371,Armenia,373,Azerbaijan,10,2,1995,,,2012,0,1,1,0,0,0,2006,4.1,ARM,AZE,4,ARM,AZE
364,349,371,Armenia,373,Azerbaijan,10,2,1995,,,2012,0,1,1,0,0,0,2007,4.1,ARM,AZE,4,ARM,AZE
365,349,371,Armenia,373,Azerbaijan,10,2,1995,,,2012,0,1,1,0,0,0,2008,4.1,ARM,AZE,4,ARM,AZE
366,349,371,Armenia,373,Azerbaijan,10,2,1995,,,2012,0,1,1,0,0,0,2009,4.1,ARM,AZE,4,ARM,AZE
367,349,371,Armenia,373,Azerbaijan,10,2,1995,,,2012,0,1,1,0,0,0,2010,4.1,ARM,AZE,4,ARM,AZE
368,349,371,Armenia,373,Azerbaijan,10,2,1995,,,2012,0,1,1,0,0,0,2011,4.1,ARM,AZE,4,ARM,AZE
369,349,371,Armenia,373,Azerbaijan,10,2,1995,,,2012,0,1,1,0,0,0,2012,4.1,ARM,AZE,4,ARM,AZE
370,349,371,Armenia,704,Uzbekistan,10,2,1995,,,2012,0,1,1,0,0,0,1995,4.1,ARM,UZB,4,ARM,UZB
371,349,371,Armenia,704,Uzbekistan,10,2,1995,,,2012,0,1,1,0,0,0,1996,4.1,ARM,UZB,4,ARM,UZB
372,349,371,Armenia,704,Uzbekistan,10,2,1995,,,2012,0,1,1,0,0,0,1997,4.1,ARM,UZB,4,ARM,UZB
373,349,371,Armenia,704,Uzbekistan,10,2,1995,,,2012,0,1,1,0,0,0,1998,4.1,ARM,UZB,4,ARM,UZB
374,349,371,Armenia,704,Uzbekistan,10,2,1995,,,2012,0,1,1,0,0,0,1999,4.1,ARM,UZB,4,ARM,UZB
375,349,371,Armenia,704,Uzbekistan,10,2,1995,,,2012,0,1,1,0,0,0,2000,4.1,ARM,UZB,4,ARM,UZB
376,349,371,Armenia,704,Uzbekistan,10,2,1995,,,2012,0,1,1,0,0,0,2001,4.1,ARM,UZB,4,ARM,UZB
377,349,371,Armenia,704,Uzbekistan,10,2,1995,,,2012,0,1,1,0,0,0,2002,4.1,ARM,UZB,4,ARM,UZB
378,349,371,Armenia,704,Uzbekistan,10,2,1995,,,2012,0,1,1,0,0,0,2003,4.1,ARM,UZB,4,ARM,UZB
379,349,371,Armenia,704,Uzbekistan,10,2,1995,,,2012,0,1,1,0,0,0,2004,4.1,ARM,UZB,4,ARM,UZB
380,349,371,Armenia,704,Uzbekistan,10,2,1995,,,2012,0,1,1,0,0,0,2005,4.1,ARM,UZB,4,ARM,UZB
381,349,371,Armenia,704,Uzbekistan,10,2,1995,,,2012,0,1,1,0,0,0,2006,4.1,ARM,UZB,4,ARM,UZB
382,349,371,Armenia,704,Uzbekistan,10,2,1995,,,2012,0,1,1,0,0,0,2007,4.1,ARM,UZB,4,ARM,UZB
383,349,371,Armenia,704,Uzbekistan,10,2,1995,,,2012,0,1,1,0,0,0,2008,4.1,ARM,UZB,4,ARM,UZB
384,349,371,Armenia,704,Uzbekistan,10,2,1995,,,2012,0,1,1,0,0,0,2009,4.1,ARM,UZB,4,ARM,UZB
385,349,371,Armenia,704,Uzbekistan,10,2,1995,,,2012,0,1,1,0,0,0,2010,4.1,ARM,UZB,4,ARM,UZB
386,349,371,Armenia,704,Uzbekistan,10,2,1995,,,2012,0,1,1,0,0,0,2011,4.1,ARM,UZB,4,ARM,UZB
387,349,371,Armenia,704,Uzbekistan,10,2,1995,,,2012,0,1,1,0,0,0,2012,4.1,ARM,UZB,4,ARM,UZB
388,349,373,Azerbaijan,704,Uzbekistan,10,2,1995,,,2012,0,1,1,0,0,0,1995,4.1,AZE,UZB,4,AZE,UZB
389,349,373,Azerbaijan,704,Uzbekistan,10,2,1995,,,2012,0,1,1,0,0,0,1996,4.1,AZE,UZB,4,AZE,UZB
390,349,373,Azerbaijan,704,Uzbekistan,10,2,1995,,,2012,0,1,1,0,0,0,1997,4.1,AZE,UZB,4,AZE,UZB
391,349,373,Azerbaijan,704,Uzbekistan,10,2,1995,,,2012,0,1,1,0,0,0,1998,4.1,AZE,UZB,4,AZE,UZB
392,349,373,Azerbaijan,704,Uzbekistan,10,2,1995,,,2012,0,1,1,0,0,0,1999,4.1,AZE,UZB,4,AZE,UZB
393,349,373,Azerbaijan,704,Uzbekistan,10,2,1995,,,2012,0,1,1,0,0,0,2000,4.1,AZE,UZB,4,AZE,UZB
394,349,373,Azerbaijan,704,Uzbekistan,10,2,1995,,,2012,0,1,1,0,0,0,2001,4.1,AZE,UZB,4,AZE,UZB
395,349,373,Azerbaijan,704,Uzbekistan,10,2,1995,,,2012,0,1,1,0,0,0,2002,4.1,AZE,UZB,4,AZE,UZB
396,349,373,Azerbaijan,704,Uzbekistan,10,2,1995,,,2012,0,1,1,0,0,0,2003,4.1,AZE,UZB,4,AZE,UZB
397,349,373,Azerbaijan,704,Uzbekistan,10,2,1995,,,2012,0,1,1,0,0,0,2004,4.1,AZE,UZB,4,AZE,UZB
398,349,373,Azerbaijan,704,Uzbekistan,10,2,1995,,,2012,0,1,1,0,0,0,2005,4.1,AZE,UZB,4,AZE,UZB
399,349,373,Azerbaijan,704,Uzbekistan,10,2,1995,,,2012,0,1,1,0,0,0,2006,4.1,AZE,UZB,4,AZE,UZB
400,349,373,Azerbaijan,704,Uzbekistan,10,2,1995,,,2012,0,1,1,0,0,0,2007,4.1,AZE,UZB,4,AZE,UZB
401,349,373,Azerbaijan,704,Uzbekistan,10,2,1995,,,2012,0,1,1,0,0,0,2008,4.1,AZE,UZB,4,AZE,UZB
402,349,373,Azerbaijan,704,Uzbekistan,10,2,1995,,,2012,0,1,1,0,0,0,2009,4.1,AZE,UZB,4,AZE,UZB
403,349,373,Azerbaijan,704,Uzbekistan,10,2,1995,,,2012,0,1,1,0,0,0,2010,4.1,AZE,UZB,4,AZE,UZB
404,349,373,Azerbaijan,704,Uzbekistan,10,2,1995,,,2012,0,1,1,0,0,0,2011,4.1,AZE,UZB,4,AZE,UZB
405,349,373,Azerbaijan,704,Uzbekistan,10,2,1995,,,2012,0,1,1,0,0,0,2012,4.1,AZE,UZB,4,AZE,UZB
406,389,365,Russia,704,Uzbekistan,15,6,2001,,,2012,0,1,0,0,1,1,2001,4.1,RUS,UZB,2,RUS,UZB
407,389,365,Russia,704,Uzbekistan,15,6,2001,,,2012,0,1,0,0,1,1,2002,4.1,RUS,UZB,2,RUS,UZB
408,389,365,Russia,704,Uzbekistan,15,6,2001,,,2012,0,1,0,0,1,1,2003,4.1,RUS,UZB,2,RUS,UZB
409,389,365,Russia,704,Uzbekistan,15,6,2001,,,2012,0,1,0,0,1,1,2004,4.1,RUS,UZB,2,RUS,UZB
410,389,365,Russia,704,Uzbekistan,15,6,2001,,,2012,0,1,0,0,1,1,2005,4.1,RUS,UZB,2,RUS,UZB
411,389,365,Russia,704,Uzbekistan,15,6,2001,,,2012,0,1,0,0,1,1,2006,4.1,RUS,UZB,2,RUS,UZB
412,389,365,Russia,704,Uzbekistan,15,6,2001,,,2012,0,1,0,0,1,1,2007,4.1,RUS,UZB,2,RUS,UZB
413,389,365,Russia,704,Uzbekistan,15,6,2001,,,2012,0,1,0,0,1,1,2008,4.1,RUS,UZB,2,RUS,UZB
414,389,365,Russia,704,Uzbekistan,15,6,2001,,,2012,0,1,0,0,1,1,2009,4.1,RUS,UZB,2,RUS,UZB
415,389,365,Russia,704,Uzbekistan,15,6,2001,,,2012,0,1,0,0,1,1,2010,4.1,RUS,UZB,2,RUS,UZB
416,389,365,Russia,704,Uzbekistan,15,6,2001,,,2012,0,1,0,0,1,1,2011,4.1,RUS,UZB,2,RUS,UZB
417,389,365,Russia,704,Uzbekistan,15,6,2001,,,2012,0,1,0,0,1,1,2012,4.1,RUS,UZB,2,RUS,UZB
418,389,365,Russia,710,China,27,4,1996,,,2012,0,1,0,0,1,1,1996,4.1,RUS,CHN,2,CHN,RUS
419,389,365,Russia,710,China,27,4,1996,,,2012,0,1,0,0,1,1,1997,4.1,RUS,CHN,2,CHN,RUS
420,389,365,Russia,710,China,27,4,1996,,,2012,0,1,0,0,1,1,1998,4.1,RUS,CHN,2,CHN,RUS
421,389,365,Russia,710,China,27,4,1996,,,2012,0,1,0,0,1,1,1999,4.1,RUS,CHN,2,CHN,RUS
422,389,365,Russia,710,China,27,4,1996,,,2012,0,1,0,0,1,1,2000,4.1,RUS,CHN,2,CHN,RUS
423,389,365,Russia,710,China,27,4,1996,,,2012,0,1,0,0,1,1,2001,4.1,RUS,CHN,2,CHN,RUS
424,389,365,Russia,710,China,27,4,1996,,,2012,0,1,0,0,1,1,2002,4.1,RUS,CHN,2,CHN,RUS
425,389,365,Russia,710,China,27,4,1996,,,2012,0,1,0,0,1,1,2003,4.1,RUS,CHN,2,CHN,RUS
426,389,365,Russia,710,China,27,4,1996,,,2012,0,1,0,0,1,1,2004,4.1,RUS,CHN,2,CHN,RUS
427,389,365,Russia,710,China,27,4,1996,,,2012,0,1,0,0,1,1,2005,4.1,RUS,CHN,2,CHN,RUS
428,389,365,Russia,710,China,27,4,1996,,,2012,0,1,0,0,1,1,2006,4.1,RUS,CHN,2,CHN,RUS
429,389,365,Russia,710,China,27,4,1996,,,2012,0,1,0,0,1,1,2007,4.1,RUS,CHN,2,CHN,RUS
430,389,365,Russia,710,China,27,4,1996,,,2012,0,1,0,0,1,1,2008,4.1,RUS,CHN,2,CHN,RUS
431,389,365,Russia,710,China,27,4,1996,,,2012,0,1,0,0,1,1,2009,4.1,RUS,CHN,2,CHN,RUS
432,389,365,Russia,710,China,27,4,1996,,,2012,0,1,0,0,1,1,2010,4.1,RUS,CHN,2,CHN,RUS
433,389,365,Russia,710,China,27,4,1996,,,2012,0,1,0,0,1,1,2011,4.1,RUS,CHN,2,CHN,RUS
434,389,365,Russia,710,China,27,4,1996,,,2012,0,1,0,0,1,1,2012,4.1,RUS,CHN,2,CHN,RUS
435,389,704,Uzbekistan,710,China,15,6,2001,,,2012,0,1,0,0,1,1,2001,4.1,UZB,CHN,2,CHN,UZB
436,389,704,Uzbekistan,710,China,15,6,2001,,,2012,0,1,0,0,1,1,2002,4.1,UZB,CHN,2,CHN,UZB
437,389,704,Uzbekistan,710,China,15,6,2001,,,2012,0,1,0,0,1,1,2003,4.1,UZB,CHN,2,CHN,UZB
438,389,704,Uzbekistan,710,China,15,6,2001,,,2012,0,1,0,0,1,1,2004,4.1,UZB,CHN,2,CHN,UZB
439,389,704,Uzbekistan,710,China,15,6,2001,,,2012,0,1,0,0,1,1,2005,4.1,UZB,CHN,2,CHN,UZB
440,389,704,Uzbekistan,710,China,15,6,2001,,,2012,0,1,0,0,1,1,2006,4.1,UZB,CHN,2,CHN,UZB
441,389,704,Uzbekistan,710,China,15,6,2001,,,2012,0,1,0,0,1,1,2007,4.1,UZB,CHN,2,CHN,UZB
442,389,704,Uzbekistan,710,China,15,6,2001,,,2012,0,1,0,0,1,1,2008,4.1,UZB,CHN,2,CHN,UZB
443,389,704,Uzbekistan,710,China,15,6,2001,,,2012,0,1,0,0,1,1,2009,4.1,UZB,CHN,2,CHN,UZB
444,389,704,Uzbekistan,710,China,15,6,2001,,,2012,0,1,0,0,1,1,2010,4.1,UZB,CHN,2,CHN,UZB
445,389,704,Uzbekistan,710,China,15,6,2001,,,2012,0,1,0,0,1,1,2011,4.1,UZB,CHN,2,CHN,UZB
446,389,704,Uzbekistan,710,China,15,6,2001,,,2012,0,1,0,0,1,1,2012,4.1,UZB,CHN,2,CHN,UZB
447,390,369,Ukraine,371,Armenia,14,5,1996,,,2012,0,1,0,1,1,0,1996,4.1,UKR,ARM,3,ARM,UKR
448,390,369,Ukraine,371,Armenia,14,5,1996,,,2012,0,1,0,1,1,0,1997,4.1,UKR,ARM,3,ARM,UKR
449,390,369,Ukraine,371,Armenia,14,5,1996,,,2012,0,1,0,1,1,0,1998,4.1,UKR,ARM,3,ARM,UKR
450,390,369,Ukraine,371,Armenia,14,5,1996,,,2012,0,1,0,1,1,0,1999,4.1,UKR,ARM,3,ARM,UKR
451,390,369,Ukraine,371,Armenia,14,5,1996,,,2012,0,1,0,1,1,0,2000,4.1,UKR,ARM,3,ARM,UKR
452,390,369,Ukraine,371,Armenia,14,5,1996,,,2012,0,1,0,1,1,0,2001,4.1,UKR,ARM,3,ARM,UKR
453,390,369,Ukraine,371,Armenia,14,5,1996,,,2012,0,1,0,1,1,0,2002,4.1,UKR,ARM,3,ARM,UKR
454,390,369,Ukraine,371,Armenia,14,5,1996,,,2012,0,1,0,1,1,0,2003,4.1,UKR,ARM,3,ARM,UKR
455,390,369,Ukraine,371,Armenia,14,5,1996,,,2012,0,1,0,1,1,0,2004,4.1,UKR,ARM,3,ARM,UKR
456,390,369,Ukraine,371,Armenia,14,5,1996,,,2012,0,1,0,1,1,0,2005,4.1,UKR,ARM,3,ARM,UKR
457,390,369,Ukraine,371,Armenia,14,5,1996,,,2012,0,1,0,1,1,0,2006,4.1,UKR,ARM,3,ARM,UKR
458,390,369,Ukraine,371,Armenia,14,5,1996,,,2012,0,1,0,1,1,0,2007,4.1,UKR,ARM,3,ARM,UKR
459,390,369,Ukraine,371,Armenia,14,5,1996,,,2012,0,1,0,1,1,0,2008,4.1,UKR,ARM,3,ARM,UKR
460,390,369,Ukraine,371,Armenia,14,5,1996,,,2012,0,1,0,1,1,0,2009,4.1,UKR,ARM,3,ARM,UKR
461,390,369,Ukraine,371,Armenia,14,5,1996,,,2012,0,1,0,1,1,0,2010,4.1,UKR,ARM,3,ARM,UKR
462,390,369,Ukraine,371,Armenia,14,5,1996,,,2012,0,1,0,1,1,0,2011,4.1,UKR,ARM,3,ARM,UKR
463,390,369,Ukraine,371,Armenia,14,5,1996,,,2012,0,1,0,1,1,0,2012,4.1,UKR,ARM,3,ARM,UKR
464,393,365,Russia,370,Belarus,2,4,1997,,,2012,0,1,1,0,0,1,1997,4.1,RUS,BLR,4,BLR,RUS
465,393,365,Russia,370,Belarus,2,4,1997,,,2012,0,1,1,0,0,1,1998,4.1,RUS,BLR,4,BLR,RUS
466,393,365,Russia,370,Belarus,2,4,1997,,,2012,0,1,1,0,0,1,1999,4.1,RUS,BLR,4,BLR,RUS
467,393,365,Russia,370,Belarus,2,4,1997,,,2012,0,1,1,0,0,1,2000,4.1,RUS,BLR,4,BLR,RUS
468,393,365,Russia,370,Belarus,2,4,1997,,,2012,0,1,1,0,0,1,2001,4.1,RUS,BLR,4,BLR,RUS
469,393,365,Russia,370,Belarus,2,4,1997,,,2012,0,1,1,0,0,1,2002,4.1,RUS,BLR,4,BLR,RUS
470,393,365,Russia,370,Belarus,2,4,1997,,,2012,0,1,1,0,0,1,2003,4.1,RUS,BLR,4,BLR,RUS
471,393,365,Russia,370,Belarus,2,4,1997,,,2012,0,1,1,0,0,1,2004,4.1,RUS,BLR,4,BLR,RUS
472,393,365,Russia,370,Belarus,2,4,1997,,,2012,0,1,1,0,0,1,2005,4.1,RUS,BLR,4,BLR,RUS
473,393,365,Russia,370,Belarus,2,4,1997,,,2012,0,1,1,0,0,1,2006,4.1,RUS,BLR,4,BLR,RUS
474,393,365,Russia,370,Belarus,2,4,1997,,,2012,0,1,1,0,0,1,2007,4.1,RUS,BLR,4,BLR,RUS
475,393,365,Russia,370,Belarus,2,4,1997,,,2012,0,1,1,0,0,1,2008,4.1,RUS,BLR,4,BLR,RUS
476,393,365,Russia,370,Belarus,2,4,1997,,,2012,0,1,1,0,0,1,2009,4.1,RUS,BLR,4,BLR,RUS
477,393,365,Russia,370,Belarus,2,4,1997,,,2012,0,1,1,0,0,1,2010,4.1,RUS,BLR,4,BLR,RUS
478,393,365,Russia,370,Belarus,2,4,1997,,,2012,0,1,1,0,0,1,2011,4.1,RUS,BLR,4,BLR,RUS
479,393,365,Russia,370,Belarus,2,4,1997,,,2012,0,1,1,0,0,1,2012,4.1,RUS,BLR,4,BLR,RUS
480,400,670,Saudi Arabia,694,Qatar,31,12,2000,,,2012,0,1,1,0,0,0,2000,4.1,SAU,QAT,4,QAT,SAU
481,400,670,Saudi Arabia,694,Qatar,31,12,2000,,,2012,0,1,1,0,0,0,2001,4.1,SAU,QAT,4,QAT,SAU
482,400,670,Saudi Arabia,694,Qatar,31,12,2000,,,2012,0,1,1,0,0,0,2002,4.1,SAU,QAT,4,QAT,SAU
483,400,670,Saudi Arabia,694,Qatar,31,12,2000,,,2012,0,1,1,0,0,0,2003,4.1,SAU,QAT,4,QAT,SAU
484,400,670,Saudi Arabia,694,Qatar,31,12,2000,,,2012,0,1,1,0,0,0,2004,4.1,SAU,QAT,4,QAT,SAU
485,400,670,Saudi Arabia,694,Qatar,31,12,2000,,,2012,0,1,1,0,0,0,2005,4.1,SAU,QAT,4,QAT,SAU
486,400,670,Saudi Arabia,694,Qatar,31,12,2000,,,2012,0,1,1,0,0,0,2006,4.1,SAU,QAT,4,QAT,SAU
487,400,670,Saudi Arabia,694,Qatar,31,12,2000,,,2012,0,1,1,0,0,0,2007,4.1,SAU,QAT,4,QAT,SAU
488,400,670,Saudi Arabia,694,Qatar,31,12,2000,,,2012,0,1,1,0,0,0,2008,4.1,SAU,QAT,4,QAT,SAU
489,400,670,Saudi Arabia,694,Qatar,31,12,2000,,,2012,0,1,1,0,0,0,2009,4.1,SAU,QAT,4,QAT,SAU
490,400,670,Saudi Arabia,694,Qatar,31,12,2000,,,2012,0,1,1,0,0,0,2010,4.1,SAU,QAT,4,QAT,SAU
491,400,670,Saudi Arabia,694,Qatar,31,12,2000,,,2012,0,1,1,0,0,0,2011,4.1,SAU,QAT,4,QAT,SAU
492,400,670,Saudi Arabia,694,Qatar,31,12,2000,,,2012,0,1,1,0,0,0,2012,4.1,SAU,QAT,4,QAT,SAU
493,402,630,Iran,704,Uzbekistan,22,12,2002,,,2012,0,1,0,0,1,0,2002,4.1,IRN,UZB,2,IRN,UZB
494,402,630,Iran,704,Uzbekistan,22,12,2002,,,2012,0,1,0,0,1,0,2003,4.1,IRN,UZB,2,IRN,UZB
495,402,630,Iran,704,Uzbekistan,22,12,2002,,,2012,0,1,0,0,1,0,2004,4.1,IRN,UZB,2,IRN,UZB
496,402,630,Iran,704,Uzbekistan,22,12,2002,,,2012,0,1,0,0,1,0,2005,4.1,IRN,UZB,2,IRN,UZB
497,402,630,Iran,704,Uzbekistan,22,12,2002,,,2012,0,1,0,0,1,0,2006,4.1,IRN,UZB,2,IRN,UZB
498,402,630,Iran,704,Uzbekistan,22,12,2002,,,2012,0,1,0,0,1,0,2007,4.1,IRN,UZB,2,IRN,UZB
499,402,630,Iran,704,Uzbekistan,22,12,2002,,,2012,0,1,0,0,1,0,2008,4.1,IRN,UZB,2,IRN,UZB
500,402,630,Iran,704,Uzbekistan,22,12,2002,,,2012,0,1,0,0,1,0,2009,4.1,IRN,UZB,2,IRN,UZB
501,402,630,Iran,704,Uzbekistan,22,12,2002,,,2012,0,1,0,0,1,0,2010,4.1,IRN,UZB,2,IRN,UZB
502,402,630,Iran,704,Uzbekistan,22,12,2002,,,2012,0,1,0,0,1,0,2011,4.1,IRN,UZB,2,IRN,UZB
503,402,630,Iran,704,Uzbekistan,22,12,2002,,,2012,0,1,0,0,1,0,2012,4.1,IRN,UZB,2,IRN,UZB
504,402,630,Iran,710,China,22,12,2002,,,2012,0,1,0,0,1,0,2002,4.1,IRN,CHN,2,CHN,IRN
505,402,630,Iran,710,China,22,12,2002,,,2012,0,1,0,0,1,0,2003,4.1,IRN,CHN,2,CHN,IRN
506,402,630,Iran,710,China,22,12,2002,,,2012,0,1,0,0,1,0,2004,4.1,IRN,CHN,2,CHN,IRN
507,402,630,Iran,710,China,22,12,2002,,,2012,0,1,0,0,1,0,2005,4.1,IRN,CHN,2,CHN,IRN
508,402,630,Iran,710,China,22,12,2002,,,2012,0,1,0,0,1,0,2006,4.1,IRN,CHN,2,CHN,IRN
509,402,630,Iran,710,China,22,12,2002,,,2012,0,1,0,0,1,0,2007,4.1,IRN,CHN,2,CHN,IRN
510,402,630,Iran,710,China,22,12,2002,,,2012,0,1,0,0,1,0,2008,4.1,IRN,CHN,2,CHN,IRN
511,402,630,Iran,710,China,22,12,2002,,,2012,0,1,0,0,1,0,2009,4.1,IRN,CHN,2,CHN,IRN
512,402,630,Iran,710,China,22,12,2002,,,2012,0,1,0,0,1,0,2010,4.1,IRN,CHN,2,CHN,IRN
513,402,630,Iran,710,China,22,12,2002,,,2012,0,1,0,0,1,0,2011,4.1,IRN,CHN,2,CHN,IRN
514,402,630,Iran,710,China,22,12,2002,,,2012,0,1,0,0,1,0,2012,4.1,IRN,CHN,2,CHN,IRN
515,402,704,Uzbekistan,710,China,22,12,2002,,,2012,0,1,0,0,1,0,2002,4.1,UZB,CHN,2,CHN,UZB
516,402,704,Uzbekistan,710,China,22,12,2002,,,2012,0,1,0,0,1,0,2003,4.1,UZB,CHN,2,CHN,UZB
517,402,704,Uzbekistan,710,China,22,12,2002,,,2012,0,1,0,0,1,0,2004,4.1,UZB,CHN,2,CHN,UZB
518,402,704,Uzbekistan,710,China,22,12,2002,,,2012,0,1,0,0,1,0,2005,4.1,UZB,CHN,2,CHN,UZB
519,402,704,Uzbekistan,710,China,22,12,2002,,,2012,0,1,0,0,1,0,2006,4.1,UZB,CHN,2,CHN,UZB
520,402,704,Uzbekistan,710,China,22,12,2002,,,2012,0,1,0,0,1,0,2007,4.1,UZB,CHN,2,CHN,UZB
521,402,704,Uzbekistan,710,China,22,12,2002,,,2012,0,1,0,0,1,0,2008,4.1,UZB,CHN,2,CHN,UZB
522,402,704,Uzbekistan,710,China,22,12,2002,,,2012,0,1,0,0,1,0,2009,4.1,UZB,CHN,2,CHN,UZB
523,402,704,Uzbekistan,710,China,22,12,2002,,,2012,0,1,0,0,1,0,2010,4.1,UZB,CHN,2,CHN,UZB
524,402,704,Uzbekistan,710,China,22,12,2002,,,2012,0,1,0,0,1,0,2011,4.1,UZB,CHN,2,CHN,UZB
525,402,704,Uzbekistan,710,China,22,12,2002,,,2012,0,1,0,0,1,0,2012,4.1,UZB,CHN,2,CHN,UZB
526,404,373,Azerbaijan,630,Iran,16,5,2005,,,2012,0,1,0,0,1,0,2005,4.1,AZE,IRN,2,AZE,IRN
527,404,373,Azerbaijan,630,Iran,16,5,2005,,,2012,0,1,0,0,1,0,2006,4.1,AZE,IRN,2,AZE,IRN
528,404,373,Azerbaijan,630,Iran,16,5,2005,,,2012,0,1,0,0,1,0,2007,4.1,AZE,IRN,2,AZE,IRN
529,404,373,Azerbaijan,630,Iran,16,5,2005,,,2012,0,1,0,0,1,0,2008,4.1,AZE,IRN,2,AZE,IRN
530,404,373,Azerbaijan,630,Iran,16,5,2005,,,2012,0,1,0,0,1,0,2009,4.1,AZE,IRN,2,AZE,IRN
531,404,373,Azerbaijan,630,Iran,16,5,2005,,,2012,0,1,0,0,1,0,2010,4.1,AZE,IRN,2,AZE,IRN
532,404,373,Azerbaijan,630,Iran,16,5,2005,,,2012,0,1,0,0,1,0,2011,4.1,AZE,IRN,2,AZE,IRN
533,404,373,Azerbaijan,630,Iran,16,5,2005,,,2012,0,1,0,0,1,0,2012,4.1,AZE,IRN,2,AZE,IRN
534,405,365,Russia,704,Uzbekistan,14,11,2005,,,2012,0,1,1,0,0,1,2005,4.1,RUS,UZB,4,RUS,UZB
535,405,365,Russia,704,Uzbekistan,14,11,2005,,,2012,0,1,1,0,0,1,2006,4.1,RUS,UZB,4,RUS,UZB
536,405,365,Russia,704,Uzbekistan,14,11,2005,,,2012,0,1,1,0,0,1,2007,4.1,RUS,UZB,4,RUS,UZB
537,405,365,Russia,704,Uzbekistan,14,11,2005,,,2012,0,1,1,0,0,1,2008,4.1,RUS,UZB,4,RUS,UZB
538,405,365,Russia,704,Uzbekistan,14,11,2005,,,2012,0,1,1,0,0,1,2009,4.1,RUS,UZB,4,RUS,UZB
539,405,365,Russia,704,Uzbekistan,14,11,2005,,,2012,0,1,1,0,0,1,2010,4.1,RUS,UZB,4,RUS,UZB
540,405,365,Russia,704,Uzbekistan,14,11,2005,,,2012,0,1,1,0,0,1,2011,4.1,RUS,UZB,4,RUS,UZB
541,405,365,Russia,704,Uzbekistan,14,11,2005,,,2012,0,1,1,0,0,1,2012,4.1,RUS,UZB,4,RUS,UZB
542,407,500,Uganda,517,Rwanda,15,12,2006,,,2012,0,1,1,0,1,1,2006,4.1,UGA,RWA,4,RWA,UGA
543,407,500,Uganda,517,Rwanda,15,12,2006,,,2012,0,1,1,0,1,1,2007,4.1,UGA,RWA,4,RWA,UGA
544,407,500,Uganda,517,Rwanda,15,12,2006,,,2012,0,1,1,0,1,1,2008,4.1,UGA,RWA,4,RWA,UGA
545,407,500,Uganda,517,Rwanda,15,12,2006,,,2012,0,1,1,0,1,1,2009,4.1,UGA,RWA,4,RWA,UGA
546,407,500,Uganda,517,Rwanda,15,12,2006,,,2012,0,1,1,0,1,1,2010,4.1,UGA,RWA,4,RWA,UGA
547,407,500,Uganda,517,Rwanda,15,12,2006,,,2012,0,1,1,0,1,1,2011,4.1,UGA,RWA,4,RWA,UGA
548,407,500,Uganda,517,Rwanda,15,12,2006,,,2012,0,1,1,0,1,1,2012,4.1,UGA,RWA,4,RWA,UGA
549,410,365,Russia,370,Belarus,3,2,2009,,,2012,0,1,1,0,0,0,2009,4.1,RUS,BLR,4,BLR,RUS
550,410,365,Russia,370,Belarus,3,2,2009,,,2012,0,1,1,0,0,0,2010,4.1,RUS,BLR,4,BLR,RUS
551,410,365,Russia,370,Belarus,3,2,2009,,,2012,0,1,1,0,0,0,2011,4.1,RUS,BLR,4,BLR,RUS
552,410,365,Russia,370,Belarus,3,2,2009,,,2012,0,1,1,0,0,0,2012,4.1,RUS,BLR,4,BLR,RUS
553,411,365,Russia,371,Armenia,20,8,2010,,,2012,0,1,1,0,0,1,2010,4.1,RUS,ARM,4,ARM,RUS
554,411,365,Russia,371,Armenia,20,8,2010,,,2012,0,1,1,0,0,1,2011,4.1,RUS,ARM,4,ARM,RUS
555,411,365,Russia,371,Armenia,20,8,2010,,,2012,0,1,1,0,0,1,2012,4.1,RUS,ARM,4,ARM,RUS
556,413,651,Egypt,666,Israel,26,3,1995,,,2012,0,1,0,0,1,0,0,4.1,EGY,ISR,2,EGY,ISR
557,413,651,Egypt,666,Israel,26,3,1996,,,2012,0,1,0,0,1,0,0,4.1,EGY,ISR,2,EGY,ISR
558,413,651,Egypt,666,Israel,26,3,1997,,,2012,0,1,0,0,1,0,0,4.1,EGY,ISR,2,EGY,ISR
559,413,651,Egypt,666,Israel,26,3,1998,,,2012,0,1,0,0,1,0,0,4.1,EGY,ISR,2,EGY,ISR
560,413,651,Egypt,666,Israel,26,3,1999,,,2012,0,1,0,0,1,0,0,4.1,EGY,ISR,2,EGY,ISR
561,413,651,Egypt,666,Israel,26,3,2000,,,2012,0,1,0,0,1,0,0,4.1,EGY,ISR,2,EGY,ISR
562,413,651,Egypt,666,Israel,26,3,2001,,,2012,0,1,0,0,1,0,0,4.1,EGY,ISR,2,EGY,ISR
563,413,651,Egypt,666,Israel,26,3,2002,,,2012,0,1,0,0,1,0,0,4.1,EGY,ISR,2,EGY,ISR
564,413,651,Egypt,666,Israel,26,3,2003,,,2012,0,1,0,0,1,0,0,4.1,EGY,ISR,2,EGY,ISR
565,413,651,Egypt,666,Israel,26,3,2004,,,2012,0,1,0,0,1,0,0,4.1,EGY,ISR,2,EGY,ISR
566,413,651,Egypt,666,Israel,26,3,2005,,,2012,0,1,0,0,1,0,0,4.1,EGY,ISR,2,EGY,ISR
567,413,651,Egypt,666,Israel,26,3,2006,,,2012,0,1,0,0,1,0,0,4.1,EGY,ISR,2,EGY,ISR
568,413,651,Egypt,666,Israel,26,3,2007,,,2012,0,1,0,0,1,0,0,4.1,EGY,ISR,2,EGY,ISR
569,413,651,Egypt,666,Israel,26,3,2008,,,2012,0,1,0,0,1,0,0,4.1,EGY,ISR,2,EGY,ISR
570,413,651,Egypt,666,Israel,26,3,2009,,,2012,0,1,0,0,1,0,0,4.1,EGY,ISR,2,EGY,ISR
571,413,651,Egypt,666,Israel,26,3,2010,,,2012,0,1,0,0,1,0,0,4.1,EGY,ISR,2,EGY,ISR
572,413,651,Egypt,666,Israel,26,3,2011,,,2012,0,1,0,0,1,0,0,4.1,EGY,ISR,2,EGY,ISR
573,413,651,Egypt,666,Israel,26,3,2012,,,2012,0,1,0,0,1,0,0,4.1,EGY,ISR,2,EGY,ISR
